id,diagnosis,cluster,PC1,PC2
842302,M,0,9.192836826213243,1.9485830707786134
842517,M,0,2.3878017958022166,-3.768171742067566
84300903,M,0,5.733896279731704,-1.0751737966209143
84348301,M,0,7.122953197708881,10.275589121812803
84358402,M,0,3.935302073678098,-1.9480715678001717
843786,M,0,2.380247150345935,3.9499288955501637
844359,M,0,2.2388833080524053,-2.6900312772980626
84458202,M,0,2.1432985003775458,2.3402440069495434
844981,M,0,3.174924293083733,3.391812951846842
84501001,M,0,6.351746789526093,7.727174066864841
845636,M,1,-0.8104137708452948,-2.6592754976869593
84610002,M,0,2.651100477242399,0.06656792656644846
846226,M,0,8.18503445814795,2.7009764926129676
846381,M,1,0.3421259139901535,-0.9682792608579345
84667401,M,0,4.342379194647855,4.861083312492754
84799002,M,0,4.075656175346034,2.9770611803676803
848406,M,1,0.2300550157100043,-1.5647577252734428
84862001,M,0,4.4180109159829914,1.4186703334195128
849014,M,0,4.948703550565109,-4.1143335249648105
8510426,B,1,-1.2370633569552285,-0.18821495375647465
8510653,B,1,-1.578161234812174,0.5728081925090148
8510824,B,1,-3.557336373550012,1.6629499036242452
8511133,M,0,4.733210788209764,3.3049637282937696
851509,M,0,4.208524209049895,-5.128366513937133
852552,M,0,4.949632073983739,-1.543752288133415
852631,M,0,7.098562854912054,2.018610337108627
852763,M,0,3.5102626039718334,2.1716251156448343
852781,M,0,3.0640538860631175,-1.8765523476875179
852973,M,0,4.007264143655832,0.5372421605295605
853201,M,0,1.715309726543141,-1.523705022968427
853401,M,0,6.059445513505045,-0.7571774508791167
853612,M,0,2.9022361049997816,4.0052955123748575
85382601,M,0,4.5547826888157745,0.33753615390505315
854002,M,0,4.990602722476017,-1.1325889056920802
854039,M,0,2.985340788970855,0.758423242506749
854253,M,0,2.766369157777754,-0.3543559424727819
854268,M,0,1.296198765020819,0.9131962762388736
854941,B,1,-3.7493133959384854,-1.4134731176425182
855133,M,1,-0.998068900880091,-3.3512929231738133
855138,M,1,0.7652641153962603,0.8862439528803256
855167,M,1,-2.150953470730419,-1.923991615836221
855563,M,1,-0.09333138656721307,2.260752006193167
855625,M,0,9.087999677261319,2.018673099337018
856106,M,1,0.9904537655030489,0.984930020381699
85638502,M,1,-0.29354655092809834,-0.1370990908209639
857010,M,0,5.380940406937094,-0.13487697768516899
85713702,B,1,-4.581936672186454,1.4842203177723554
85715,M,0,1.7000068868371667,2.3522717936592588
857155,B,1,-2.1364452772841007,0.09582960948793025
857156,B,1,-1.5674789972081593,-1.2084332137934002
857343,B,1,-3.54290555746375,-1.2824955784727399
857373,B,1,-3.1578140501813765,-1.6889585955389232
857374,B,1,-3.4504885435159123,-0.498218714150125
857392,M,0,3.302550951378986,-1.130937804944306
857438,M,1,-0.6746192855718289,-2.116409716864
85759902,B,1,-2.8581584400465365,0.15272313623647416
857637,M,0,4.6487388724366845,-2.310332570251563
857793,M,0,2.1768628822290865,0.9721160460019876
857810,B,1,-3.721458992832202,-1.7876416504638888
858477,B,1,-4.135962943789871,2.4037924854589723
858970,B,1,-2.3858356631344586,2.7576581297264005
858981,B,1,-2.578883251968506,3.1386719227438533
858986,M,0,4.759112153866086,3.0116805063752246
859196,B,1,-2.3141322493715,3.2679896792372256
85922302,M,0,1.6916079231689942,1.540676557104369
859283,M,0,1.8123054050069216,0.7227401911782761
859464,B,1,-2.7859247566664456,2.310648712307806
859465,B,1,-3.5186483396476484,-0.6583094692607125
859471,B,0,4.330002649084517,9.202525685734637
859487,B,1,-3.2612794727724,-0.9378381203565229
859575,M,0,2.70459617263035,-4.437141769618718
859711,B,1,-0.30785577047692175,7.387812177121234
859717,M,0,5.503705315293615,0.9383254150997168
859983,M,1,-0.3617091926935926,0.11973908634706508
8610175,B,1,-2.6299766385631775,-0.6973093686124082
8610404,M,0,1.4281675928953437,-1.9671014119007766
8610629,B,1,-0.8345178814910349,1.965604864339629
8610637,M,0,6.230896511902652,0.9200695426759782
8610862,M,0,11.668714648329656,4.748617202409892
8610908,B,1,-2.021577658435545,-0.25489983397091315
861103,B,1,-1.6383849373649793,1.7159491138762537
8611161,B,0,1.1674616110726201,2.514515850005454
8611555,M,0,10.76924281927434,-2.257982898105897
8611792,M,0,5.034811085482776,0.7744091563670878
8612080,B,1,-2.1744643095462064,0.4968779848202609
8612399,M,0,3.288235384718603,-1.6682370620503852
86135501,M,1,0.6076079451777678,0.16221452495228134
86135502,M,0,3.583563626063654,-2.206661839154871
861597,B,1,-0.9341581043944102,0.9277014809302209
861598,B,0,1.2596046473494296,1.0155770702513425
861648,B,1,-1.5882639721786034,-1.6196568284204411
861799,M,1,0.2524975675268147,-0.5313515472449268
861853,B,1,-2.8474315866960715,-2.893647598433102
862009,B,1,-1.9649501129379248,-0.9651569880786811
862028,M,0,2.7758655690025664,0.5580005267658669
86208,M,0,4.396227954702614,-2.123507712156893
86211,B,1,-2.5920828278053167,0.21363392991247757
862261,B,1,-3.904338150152878,1.1900666337939916
862485,B,1,-2.818231213142344,0.3678839812776136
862548,M,1,0.616280869825099,0.6389116690076546
862717,M,1,-0.432860220816549,-1.392044298773314
862722,B,1,-4.555028840448151,3.5287860178790913
862965,B,1,-3.4481835412175106,-1.4246224557112568
862980,B,1,-2.115960264030479,1.849373605019612
862989,B,1,-2.6913522049621306,1.4200617399417952
863030,M,0,3.2139167651773763,4.046756222649356
863031,B,1,-0.7492713563495632,1.7976385171322933
863270,B,1,-3.159006037414682,-1.0357494268216716
86355,M,0,13.056121858663445,0.9815132263977521
864018,B,1,-2.22867981344222,0.667410636380441
864033,B,1,-2.4928310356116072,2.5986862679957197
86408,B,1,-0.1033504264139885,2.2801435368568272
86409,B,0,3.5912941186905973,3.926333155212093
864292,B,1,-1.3489486828722508,3.556225100465866
864496,B,1,-2.5101176755585946,3.251319503501503
864685,B,1,-2.046029572451857,0.3048848667443765
864726,B,1,-2.097069169448721,3.6670958835452625
864729,M,0,3.1105276933521813,1.5693895561962345
864877,M,0,4.9567255700022965,2.384846218716711
865128,M,1,0.8510142626646731,-2.3067353675280104
865137,B,1,-2.965999206622572,0.3715064822522403
86517,M,0,3.3341331980203512,-1.3255573541236585
865423,M,0,12.894612133968959,2.3166224643942432
865432,B,1,-0.770743677532012,-0.06410921999256619
865468,B,1,-2.2025155237824063,-0.7356052301956372
86561,B,1,-3.1434122456027063,-1.8774090266692645
866083,M,1,-0.6388804999703285,-0.9113660287979898
866203,M,0,1.9191334226485004,-3.538082368387866
866458,B,0,1.4088683633928147,1.3049294063552912
866674,M,0,4.643691316587364,-1.4820171693910285
866714,B,1,-1.877467363614054,1.4232306440378057
8670,M,0,1.4320694267974396,-1.0496039490885927
86730502,M,0,1.3526270253942856,-1.1541414717290015
867387,B,1,-0.7091148317236305,-1.568232323508882
867739,M,0,2.171416018303969,-2.826260726123749
868202,M,1,-1.9768403553186407,-0.4193874469184839
868223,B,1,-2.6007895040208746,-0.4823354674943227
868682,B,1,-3.2580073594688934,-0.4183214056953887
868826,M,0,3.7820264555802714,0.8603815975237654
868871,B,1,-1.9920347221454229,1.3293551725054666
868999,B,1,-5.01500868997581,0.5746999790548203
869104,M,0,1.3450204377376287,-1.2747709560422444
869218,B,1,-2.4559688106880464,0.8984552923634708
869224,B,1,-1.8372816695174312,-0.0910267654571534
869254,B,1,-4.346489712228623,-0.8935722661901371
869476,B,1,-0.7328129161437651,3.702182382795107
869691,M,0,2.399997843154184,4.8379888197569025
86973701,B,1,0.39309866393165854,1.0830680630279435
86973702,B,1,-0.41232781279562253,-0.3896313170982987
869931,B,1,-3.0499249404514663,-2.2377845222719017
871001501,B,1,-1.442563731607099,0.3058704494682637
871001502,B,1,0.08318610261277491,7.150359800006226
8710441,B,0,7.093306714189309,12.573194228678513
87106,B,1,-3.7434045429961778,0.2505015267671561
8711002,B,1,-0.969172814362352,0.9449443023490574
8711003,B,1,-2.4187199081229593,0.005552412982824613
8711202,M,0,4.100787726595184,-0.3788038201723531
8711216,B,1,-0.7516030055354341,-3.070648658484427
871122,B,1,-3.654646528253545,-0.6746487418500192
871149,B,1,-4.680211576012842,-1.1038572475926953
8711561,B,1,-0.5977817666137698,1.7856508751060605
8711803,M,0,3.387330764641093,-2.911037107173835
871201,M,0,6.1498861899661,-2.017652754781074
8712064,B,1,-1.3250313470426627,1.4692940245331338
8712289,M,0,5.494152797674741,-4.165829305476934
8712291,B,1,-2.9974032071314904,-2.738861051859812
87127,B,1,-4.386732721106604,0.006872281278997496
8712729,M,0,1.2136346121479045,-2.039038957379327
8712766,M,0,5.06966108147534,-1.7851523342604982
8712853,B,1,-1.9777014396332304,-1.8427794206398052
87139402,B,1,-2.514876418889988,0.11425229888415264
87163,M,1,-0.9474878917479532,-1.6847535464245222
87164,M,0,2.8193683434660475,1.2651031321636568
871641,B,1,-3.4839862980200045,1.6196919825568978
871642,B,1,-4.658729577966131,-0.22291481503257643
872113,B,1,-5.3516181149366275,1.0267578586053634
872608,B,1,1.1708977789054411,7.014486578698095
87281702,M,0,2.956301867144237,0.7064218520962688
873357,B,1,-4.975702062159758,-3.386204867391142
873586,B,1,-4.064025658740144,-1.2461661741984247
873592,M,0,9.512669844166357,-5.603484192726071
873593,M,0,9.007165526292283,0.581031077283864
873701,M,1,0.75887848476107,-1.6085325756435818
873843,B,1,-2.65935961535329,0.539935800897077
873885,M,1,-0.39001898105892124,-0.9892423529287839
874158,B,1,-3.8890655271867742,0.8160717107750083
874217,M,1,0.3648761518407575,-3.5744612259285273
874373,B,1,-2.835890918156521,-0.39872969401219155
874662,B,1,-3.3102836207396287,0.15574119498520447
874839,B,1,-3.357304402555182,-1.1037324235664447
874858,M,0,6.523116620292803,8.011169611598753
875093,B,1,-1.7177351761078505,-0.5431655272763873
875099,B,1,-5.565735898981083,-0.477847578807255
875263,M,0,1.7796614892323586,2.77658716967741
87556202,M,0,2.611484893160506,1.561421709149273
875878,B,1,-2.819038509611936,-0.9701105669674892
875938,M,0,2.498438877723984,2.2784828520976133
877159,M,0,1.277027175299333,-2.443258964273784
877486,M,0,3.473197342850071,-2.277848910042783
877500,M,0,1.2566751119853181,0.38239326437188415
877501,B,1,-1.4734313692163157,0.116890256526573
877989,M,0,1.6494606959340616,-2.102291070639582
878796,M,0,9.036589480305237,-0.6551728250902205
87880,M,0,4.554590064788047,3.0866391558881188
87930,B,1,-0.7811899668984478,0.6528492587504987
879523,M,1,-0.2230926067840131,-0.7018214902322872
879804,B,1,-3.45489538609584,1.3069387228364124
879830,M,1,0.4465443964174077,-2.7877077407683064
8810158,B,1,0.3144382259614626,2.0775607279208272
8810436,B,1,-2.0591919425453926,-2.4727877878058253
881046502,M,0,4.8089692447318315,-3.0291029673897896
8810528,B,1,-2.9987105282381763,-0.39677802824528174
8810703,M,0,12.285019759541433,-7.543410169305492
881094802,M,0,3.372196590643687,2.5878254279793187
8810955,M,0,2.508766311622556,2.6146484775413215
8810987,M,0,1.318068476542634,2.1544795011177515
8811523,B,1,-0.38875629875561457,2.276797894739395
8811779,B,1,-2.7569329912570333,1.0868346854768562
8811842,M,0,4.943581014506627,-2.8483244577325224
88119002,M,0,4.298077329827855,-4.66627517912938
8812816,B,1,-2.3735018019750127,-0.73340256397789
8812818,B,1,-0.9671903116026492,0.43843818161558457
8812844,B,1,-2.9757987879409007,1.8109737757240094
8812877,M,0,1.8032470204666655,0.16646095723338242
8813129,B,1,-2.4783595123722186,-1.4185764468645423
88143502,B,1,-0.8260392924374985,-1.250247473058962
88147101,B,1,-3.89469732833955,0.538570744503391
88147102,B,1,-0.3895780902174113,-0.6144154700225479
88147202,B,1,-1.4573213567984842,-0.2017267570099056
881861,M,0,2.7555680011537387,3.465773603839708
881972,M,0,3.2572546734788137,-0.12520049203442374
88199202,B,1,-4.019140240564173,-1.3542473809817688
88203002,B,1,-3.676413293167362,-1.2916290603284601
88206102,M,0,3.3163241134467714,-3.939152259252388
882488,B,1,-4.03660736175797,1.1625461079531396
88249602,B,1,-2.334233350230234,-1.348979732187659
88299702,M,0,8.4038471134575,-4.153904776612472
883263,M,0,2.647568633083631,-3.9511729514875684
883270,B,1,-0.6817688659204064,-1.1359911306162613
88330202,M,0,3.350295790635418,-2.154570026662632
88350402,B,1,-2.2277205188196936,-1.2149996868114266
883539,B,1,-4.477584655730474,-1.7411293624733226
883852,B,0,1.3226214188389378,4.789476583869905
88411702,B,1,-1.850089860140521,-1.5841281496577793
884180,M,0,3.795565641824971,-1.026232641936139
884437,B,1,-2.2813180992395026,2.0776859796729363
884448,B,1,-3.2287701182773807,-1.1720734786955216
884626,B,1,1.0259007876487487,2.3612619443209315
88466802,B,1,-2.5825558372816815,0.72921311407869
884689,B,1,-2.485883225506348,0.46059640268242613
884948,M,0,7.143842039052903,-2.074842232620044
88518501,B,1,-3.0324811407725973,-0.649468799857764
885429,M,0,7.085010648787642,0.5282231716861988
8860702,M,0,1.3140990035987583,-1.7754258312624533
886226,M,0,3.7116495147797313,-2.8074771106095073
886452,M,1,0.46047909084775807,0.39416628852143254
88649001,M,0,6.392649920534937,-1.8230941633210416
886776,M,0,5.255544949778237,3.8945309898245193
887181,M,0,8.733861502953996,3.279877374952947
88725602,M,0,3.6913178802285076,1.0656460674271753
887549,M,0,3.3782508726958786,-3.371227892042611
888264,M,1,-0.8402096538369325,-3.5000850321832595
888570,M,0,3.284372619973158,-0.9906732009428229
889403,M,1,-1.9087689281363809,-3.1219458054749283
889719,M,0,1.6147819253559186,-2.4745733478734415
88995002,M,0,6.619726346836865,-6.003276417553645
8910251,B,1,-1.4646759334587784,1.686631814155576
8910499,B,1,-2.0121524285187697,-1.1034865581448534
8910506,B,1,-2.284340252070642,0.009493639196513984
8910720,B,1,-0.7397430856449498,3.1525206050711505
8910721,B,1,-4.506562510681536,-3.1692725878735324
8910748,B,1,-3.158754301407416,0.410301794968561
8910988,M,0,7.676149471669646,-3.0753063039954505
8910996,B,1,-3.6391359671594397,1.5895870640296283
8911163,M,1,0.33734549264382946,-3.144373457646922
8911164,B,1,-1.2765833791515429,0.8490529834604241
8911230,B,1,-4.346014054230489,-0.32197805680139513
8911670,M,1,0.017430791487395632,-3.459343291202759
8911800,B,1,-3.492426037286866,-2.6340824007641515
8911834,B,1,-1.8665488536842108,-0.9020642096825103
8912049,M,0,4.960268117827968,-1.3411230473901092
8912055,B,1,-2.4707226852233743,-0.13802626433783002
89122,M,0,3.785060102923416,-1.901907416269701
8912280,M,0,2.637255777272227,0.5771549958415221
8912284,B,1,-1.3726850236666188,0.005805461425114665
8912521,B,1,-4.138882573259069,-1.3765082402979754
8912909,B,1,-0.6869402913907845,1.6950096246206934
8913,B,1,-4.312129582742904,-1.9784861330658432
8913049,B,1,0.40330942137648557,3.7234340036404276
89143601,B,1,-3.0036057953214286,0.35416022745786807
89143602,B,0,3.1340082054400327,4.273459558439517
8915,B,1,-0.4178368668818514,-0.8085765710523066
891670,B,1,-1.4202231350821122,1.3939781131568858
891703,B,1,-2.870588347786153,-0.26864450914401017
891716,B,1,-3.3658457040713725,-0.8076006153541785
891923,B,1,-3.315000154836074,-1.4421762294498757
891936,B,1,-4.7697101597000735,-0.5429618596413286
892189,M,1,-2.385882758420601,-0.82411557090573
892214,B,1,-2.7870960094311155,-2.533034002938485
892399,B,1,-3.393841771518295,0.7539639569981584
892438,M,0,6.590235943344425,-1.4848624499142609
892604,B,1,-1.455330517896636,0.5919428677399603
89263202,M,0,7.1829331020862615,0.055146060187375986
892657,B,1,-3.5788354034470395,0.8915829916265143
89296,B,1,-3.057032641873497,-0.17921338626514022
893061,B,1,-3.0744358315608613,-0.3060584354626185
89344,B,1,-3.8535397332557157,-1.5247264225853243
89346,B,1,-5.390256393774109,0.5562555046188598
893526,B,1,-4.6576823344947815,-3.0653874336643367
893548,B,1,-4.027542388108069,-2.5429070434441385
893783,B,1,-3.347821941610211,-0.0685630478181742
89382601,B,1,-3.2998420114682907,-3.1387093942090685
89382602,B,1,-2.136404142351137,-0.004392848638495741
893988,B,1,-4.038017141736997,-0.24069805436710145
894047,B,1,-3.7654145532586303,4.398200493289129
894089,B,1,-4.871239383480865,-2.339214787421021
894090,B,1,-4.747248516354595,-1.7984019755421965
894326,M,0,1.8953162763188458,-2.3922380030497052
894329,B,0,1.5729311406089714,6.509099306788017
894335,B,1,-4.026620252659342,-1.4022064621622228
894604,B,1,-1.2948661700949917,3.4708086393126627
894618,M,0,1.834840467147692,-4.321522964467138
894855,B,1,-1.8103805588913255,0.396207302243562
895100,M,0,7.236485314392003,-0.035701797122104986
89511501,B,1,-3.1456501885211106,-0.7425265420253626
89511502,B,1,-2.88726805823951,-0.4647316245415395
89524,B,1,-3.1496539838209325,-1.7712483965455057
895299,B,1,-4.62837948305008,-1.8356183618885429
8953902,M,0,2.250510374099616,-0.3485359403968553
895633,M,0,2.1078012278782876,1.1219739434409475
896839,M,0,1.7859499803192158,-0.26922163567289226
896864,B,1,-0.5276966174016189,1.265871623256449
897132,B,1,-3.2135009805008674,1.1034431417867798
897137,B,1,-4.386422966517999,-0.7611037296113755
897374,B,1,-3.8100178698306615,-0.9099185549027117
89742801,M,0,3.31967397151995,-1.5770528423794885
897604,B,1,-2.3932759643301043,0.9900307776840367
897630,M,0,4.680166262400177,-0.9685929539380914
897880,B,1,-3.0676951406047634,1.1358375684170814
89812,M,0,7.3532185750278956,-5.24262314257036
89813,B,1,0.2953131832477966,0.2269350361620256
898143,B,1,-1.938969496946721,2.5449881124613514
89827,B,1,-2.0771789214309773,1.8065194888372937
898431,M,0,4.975162358414945,-1.3325721796152112
89864002,B,1,-2.176916879584213,0.9589112593874788
898677,B,1,-2.4315514550090116,3.447203866783425
898678,B,1,-3.3679657788781245,-0.5629288977240023
89869,B,1,-1.2065977905127077,-1.3170443381938326
898690,B,1,-3.3260792487089827,0.4751715815403479
899147,B,1,-1.928795402235246,1.4614697975696826
899187,B,1,-4.041835089954523,-1.356917456693989
899667,M,0,6.182283741692321,5.1080054494710705
899987,M,0,10.934298158426856,-3.703254080483326
9010018,M,0,2.11849693192755,0.29662906960644364
901011,B,1,-3.0121949701584496,0.24375997572806513
9010258,B,1,-0.9826485812695368,0.7972523938811389
9010259,B,1,0.35789386251820315,2.127838631995412
901028,B,1,-3.1939178655057168,-1.8491520732723707
9010333,B,1,-2.9932333012444814,1.631392205900132
901034301,B,1,-3.1939141504686197,0.579339442091747
901034302,B,1,-4.591961853505453,-2.761127097239494
901041,B,1,-2.4859161544122346,-1.1889394044418709
9010598,B,1,-2.398665346211352,-0.25074479032477237
9010872,B,1,-0.7796151997479088,-2.1243434274179367
9010877,B,1,-3.139988425752806,-1.4880221619895555
901088,M,0,2.73501177167548,-3.9451682304990054
9011494,M,0,6.227025988689335,-1.3901096910538349
9011495,B,1,-2.223775745579289,-0.3571607107910807
9011971,M,0,5.30714002200119,-6.723414983535718
9012000,M,0,7.248001061273752,-3.6554691295621344
9012315,M,0,4.207220618955452,1.176242881828929
9012568,B,1,-2.4996363741121446,-2.0185356268156873
9012795,M,0,3.6350149466830763,-1.956440910384311
901288,M,0,3.5192482750135237,-3.8586071201502183
9013005,B,1,-2.6149483072401787,-1.1024744593810532
901303,B,1,-0.09610811657662771,-0.12984758285297793
901315,B,0,2.044856934566941,6.426819839190367
9013579,B,1,-3.0667495275573966,-2.182095699803813
9013594,B,1,-1.6035864433861873,0.2925962224312991
9013838,M,0,3.765932154104969,5.985295348435207
901549,B,1,-0.9255666032078086,2.3024814303456997
901836,B,1,-3.2883495941010255,0.20131133641849322
90250,B,1,-1.5548521496523129,0.9798577293757117
90251,B,1,-0.3987799175813137,2.1612126918447365
902727,B,1,-2.300567821333632,-0.9320775840394665
90291,M,1,-0.542901364168783,-1.3170679101673386
902975,B,1,-2.0588194558297808,0.3204351458128014
902976,B,1,-3.424518055230886,-2.4455184118500926
903011,B,1,-0.47240655185315933,3.702829438613113
90312,M,0,4.7035007316988375,-0.19595575484438463
90317302,B,1,-3.6433802386141543,0.7868599163920839
903483,B,1,-3.5946893435897,2.6050872166990824
903507,M,0,4.149097342448855,0.7674888443508856
903516,M,0,7.672141552626158,-0.8604841506606745
903554,B,1,-2.010379413757581,0.42968956052188884
903811,B,1,-2.9208334948368924,-1.7004724749888238
90401601,B,1,-0.5007378002661363,0.1067314646845325
90401602,B,1,-1.911498574922987,-0.6513938798572442
904302,B,1,-3.785099227795593,-0.326146367496272
904357,B,1,-2.7083939682134814,-0.21966574165493424
90439701,M,0,6.289673469535027,2.0365473971342642
904647,B,1,-3.430770691238838,-0.9926100348372926
904689,B,1,-2.001388466389223,-0.29332646338373697
9047,B,1,-2.473293094287154,-0.33504702649306584
904969,B,1,-3.6472577463942075,-1.2413651251827085
904971,B,1,-2.3461868509424204,0.6827413168887653
905189,B,1,-1.1429969265477053,-1.9621714940294168
905190,B,1,-1.3508573033319775,0.3695739020305145
90524101,M,0,2.763370786290061,-1.078633509031586
905501,B,1,-1.9693236050366547,-0.17584850843116145
905502,B,1,-2.9311870554399926,-0.494856229138111
905520,B,1,-2.9263743861504827,0.37733225712142215
905539,B,1,-3.996188277410367,0.9598560897763169
905557,B,1,0.15513805946848994,-0.438008228231931
905680,M,1,-0.9340908103734464,-2.105945591164885
905686,B,1,-1.929621730255186,0.8924666900760738
905978,B,1,-2.6223386017039347,2.5021016179702906
90602302,M,0,6.003616591373188,-0.09102922215333463
906024,B,1,-2.9218778045747444,-0.009212681102501591
906290,B,1,-3.3419448039492625,-0.022224730460860175
906539,B,1,-2.014915033411889,0.7784521313204145
906564,B,0,1.988462105551326,2.316048054014089
906616,B,1,-1.6696039306005643,0.8623188526395804
906878,B,1,-0.37117811351854124,0.11361265869439939
907145,B,1,-1.8489599298371768,2.5412296491762563
907367,B,1,-4.7030422021112335,-0.43230243073641555
907409,B,1,-1.2831871507862194,2.550909310253011
90745,B,1,-2.314246819305015,0.40203147729566846
90769601,B,1,-4.659085176410954,-0.7822987564616685
90769602,B,1,-3.94347338173483,-2.0300162870602847
907914,M,0,4.949858461550107,3.0060641292021977
907915,B,1,-0.9158035193313225,2.4790131286784103
908194,M,0,4.549111146627949,-0.8160005055481396
908445,M,0,4.442342818131014,-0.99243889789736
908469,B,1,-2.1949843010205914,-1.805353237746215
908489,M,1,0.6644409146912525,0.4368608556548232
908916,B,1,-2.240876053643134,-0.4545895114490156
909220,B,1,-2.125180436920124,-1.1947969118047663
909231,B,1,-2.615317411222227,-1.8320604325909968
909410,B,1,-3.21096797566215,-2.2351427041662753
909411,B,1,-0.30675039870785425,2.1849988333666657
909445,M,0,2.4723569167736534,-1.499824751673737
90944601,B,1,-3.4547183721128696,-2.1364615481714218
909777,B,1,-3.900526848058524,0.7307759702638031
9110127,M,1,0.9817275418953916,-2.210429947110437
9110720,B,1,-1.2572515710229826,1.0676915149434758
9110732,M,0,3.2454136489032512,-1.7783586322775586
9110944,B,1,-1.5572194125370176,-1.0379271063964204
911150,B,1,-1.2492580966982785,-1.588838789346815
911157302,M,0,4.331653344535905,-4.049332418331279
9111596,B,1,-1.0774513298933361,1.8036181631512829
9111805,M,0,2.5117531022607604,-2.528807583395522
9111843,B,1,-2.217092305447845,0.02989128809455519
911201,B,1,-1.1738306467787554,-0.4748395050245748
911202,B,1,-2.8363014443334342,-1.0181258063239853
9112085,B,1,-1.857085898874798,-1.571393119114508
9112366,B,1,-1.3286143729580846,0.7770956605632364
9112367,B,1,-2.802771356776176,-1.6663016342542085
9112594,B,1,-3.174568796763732,-2.0757336193916425
9112712,B,1,-4.087077360931372,-0.4847100793606935
911296201,M,0,3.475493748130867,-1.6728843912266615
911296202,M,0,16.31923323103199,-7.775852804248057
9113156,B,1,-2.5601150180169086,-2.4940454475524696
911320501,B,1,-2.9688887959170724,-0.06884713568909938
911320502,B,1,-2.7574304510201153,-1.7939187681258846
9113239,B,0,1.370339875440641,2.1100113491216987
9113455,B,1,-0.41766449255287796,0.11651969702822693
9113514,B,1,-3.83839862298123,0.8991786485508187
9113538,M,0,5.930964859583866,1.2282966822613548
911366,B,1,0.6454786474866498,3.426011420952226
9113778,B,1,-2.683846400979264,1.443555528964755
9113816,B,1,-2.041664052105511,-0.9032559294447856
911384,B,1,-1.3992963501120093,-1.7722262453778042
9113846,B,1,-3.5364152954177657,-1.2468541534618012
911391,B,1,-1.9905294465908607,1.8994625506893927
911408,B,1,-1.9981853671291827,-0.20637113652569733
911654,B,1,-0.5206581123170593,-0.9733678106769821
911673,B,1,-3.172370488248241,-2.0890522980358517
911685,B,1,-2.202710189056726,1.2860393186695738
911916,M,0,3.824433042941165,2.3052363163771425
912193,B,1,-2.985484690326374,-0.6733392442277557
91227,B,1,-2.481055107277701,-2.363958760525989
912519,B,1,-1.2721114612782498,0.5098338482934458
912558,B,1,-2.235156888078077,-1.298704493705153
912600,B,1,-0.056183104311735635,-0.22738339295599289
913063,B,0,2.317390606280653,4.389134334922114
913102,B,1,-2.284331260851888,-2.466840756413278
913505,M,0,4.754614870668752,-1.4894235603784578
913512,B,1,-1.7263109176879994,0.9981778354005336
913535,M,1,-0.7417817670631596,-2.4520349661082763
91376701,B,1,-2.8943106610119655,-0.9779443192076609
91376702,B,1,-1.654521845920792,-4.555664122445225
914062,M,0,3.1035197039278497,-1.2361532113365896
914101,B,1,-4.06427059776545,-0.5609542217248042
914102,B,1,-2.793330657462965,-1.0778881331158539
914333,B,1,-1.474919937608759,-1.5910942013854992
914366,B,1,-0.2293946370432846,1.5159034180090343
914580,B,1,-2.5532584076134963,-0.7639004851777254
914769,M,0,3.715705103463406,-1.0586862195140523
91485,M,0,5.094841843796658,-2.019207834050767
914862,B,1,-0.6006161135559809,-0.8384546630132834
91504,M,0,2.7903998294337877,3.3855607718235556
91505,B,1,-1.4087712143990505,1.505770592146535
915143,M,0,7.2591788407930435,-5.495735719287868
915186,B,0,1.2988665487860673,7.729852801544609
915276,B,1,1.076693275633472,8.294775448775123
91544001,B,1,-1.2497605247720482,1.5956838545110168
91544002,B,1,-1.2569284056190164,4.117186681519055
915452,B,1,-1.166535214477624,-1.6656937357126085
915460,M,0,4.094142557240372,2.8029272496079334
91550,B,1,-1.8876392413595018,1.6721917387288312
915664,B,1,-2.767435702846046,-2.1610487950224155
915691,M,0,2.2269944892059637,1.94163475901657
915940,B,1,-1.1315768907450154,-1.4110019654201031
91594602,M,1,-0.7337724522411081,-1.9436971834232442
916221,B,1,-2.333670736811383,0.7901466072892558
916799,M,0,2.697223754399567,-1.9437099457678475
916838,M,0,3.379014667722389,-2.333428944961925
917062,B,1,-0.19987058014153156,1.076360003127056
917080,B,1,-1.1760259132353268,1.0113701777302333
917092,B,1,-1.2926365392815637,4.964224702132632
91762702,M,0,8.630755859096045,-3.459451915076074
91789,B,1,-4.429456371065784,-0.7860360357018065
917896,B,1,-0.6198387404461236,0.6363492701040994
917897,B,1,-3.252315768612038,1.2859251612593703
91805,B,1,-3.352927053536593,2.673300597719783
91813701,B,1,-0.8598029860026029,0.09684852260130512
91813702,B,1,-3.1566219686828405,-0.8715426236404158
918192,B,1,0.34652811320840743,1.541225275801936
918465,B,1,-2.4614066509244985,0.6008479692253275
91858,B,1,-1.5301007215874451,0.40521778929245506
91903901,B,1,-1.773585066060569,0.8042100123847638
91903902,B,1,-2.680441623965866,-1.484708900528475
91930402,M,0,4.028435261074221,-2.9414300980113044
919537,B,1,-2.136351228598873,1.5185806390194974
919555,M,0,5.165410948305193,-2.3822032315181256
91979701,M,1,0.5359319494274819,0.38071514563631753
919812,B,1,0.3431233829428889,3.534481051993175
921092,B,1,-4.197079986345915,2.367392283022526
921362,B,1,-1.142831864596607,5.5994584702606565
921385,B,1,-1.6654751532170813,2.389618124802719
921386,B,1,1.0117124957300916,1.092389649549321
921644,B,1,-1.300929711968368,-1.8214153018192938
922296,B,1,-2.37342872500962,-1.6815762381895434
922297,B,1,-1.665871011795419,-0.21396274009249683
922576,B,1,-1.9276781923709836,-1.1377399160440191
922577,B,1,-4.237216617940866,0.18427249696751105
922840,B,1,-2.6778707208422863,2.315792822976004
923169,B,1,-3.836497851795836,0.496249928550943
923465,B,1,-2.5514402959501883,0.2283299574366735
923748,B,1,-4.694923445156694,-0.7674779440649327
923780,B,1,-2.0250371641270766,1.2612419002369082
924084,B,1,-2.8959482055187697,-1.4516357644008575
924342,B,1,-3.5022010405437856,1.8008324922228451
924632,B,1,-2.153903667395957,-0.8300688184730438
924934,B,1,-2.055084067991252,1.616459267996388
924964,B,1,-3.8772895793977984,1.084254744497787
925236,B,1,-4.063862114728077,0.12216843521676612
925277,B,1,-0.09866733268842802,-0.2135598383306856
925291,B,1,-1.089376190070135,1.2928478982612015
925292,B,1,-0.48177096484745674,-0.17801969111679336
925311,B,1,-4.870309518087024,-2.131106107486568
925622,M,0,5.917612589142678,3.482636659061123
926125,M,0,8.741338077267802,-0.5738546724065825
926424,M,0,6.43931548395405,-3.5768174440143463
926682,M,0,3.79338237003273,-3.584047863942085
926954,M,0,1.2561792761502506,-1.9022967130754462
927241,M,0,10.374794059769838,1.672010105336677
92751,B,1,-5.475243302544345,-0.6706367907573542
