Feature,Coefficient,Importance
texture_worst,1.4340931710338392,1.4340931710338392
radius_se,1.2333251663808185,1.2333251663808185
symmetry_worst,1.0612636621709464,1.0612636621709464
concave_points_mean,0.9528128318119818,0.9528128318119818
concavity_worst,0.9114058021854968,0.9114058021854968
area_se,0.9090290582882168,0.9090290582882168
compactness_se,-0.9069248024192615,0.9069248024192615
area_worst,0.9004766112545065,0.9004766112545065
radius_worst,0.8969678339058803,0.8969678339058803
concavity_mean,0.7822983533225193,0.7822983533225193
